reference_date,horizon,location,output_type,output_type_id,value,target,target_end_date
2024-11-09,1,01,sample,s0,40.94342886274491,wk inc covid hosp,2024-11-16
2024-11-09,1,01,sample,s1,15.847286869673084,wk inc covid hosp,2024-11-16
2024-11-09,1,01,sample,s2,44.57200899143121,wk inc covid hosp,2024-11-16
2024-11-09,1,01,sample,s3,19.87947696358259,wk inc covid hosp,2024-11-16
2024-11-09,1,01,sample,s4,33.10356582598293,wk inc covid hosp,2024-11-16
2024-11-09,1,01,sample,s5,21.975210432024248,wk inc covid hosp,2024-11-16
2024-11-09,1,01,sample,s6,11.120590107466462,wk inc covid hosp,2024-11-16
2024-11-09,1,01,sample,s7,35.966020278226885,wk inc covid hosp,2024-11-16
2024-11-09,1,01,sample,s8,40.9171712990833,wk inc covid hosp,2024-11-16
2024-11-09,1,01,sample,s9,30.52824793474597,wk inc covid hosp,2024-11-16
2024-11-09,1,01,sample,s10,49.754153081521515,wk inc covid hosp,2024-11-16
2024-11-09,1,01,sample,s11,26.251916790495045,wk inc covid hosp,2024-11-16
2024-11-09,1,01,sample,s12,22.814712660145506,wk inc covid hosp,2024-11-16
2024-11-09,1,01,sample,s13,38.828989145826355,wk inc covid hosp,2024-11-16
2024-11-09,1,01,sample,s14,23.541776063024606,wk inc covid hosp,2024-11-16
2024-11-09,1,01,sample,s15,20.855755100285048,wk inc covid hosp,2024-11-16
2024-11-09,1,01,sample,s16,45.94545028687223,wk inc covid hosp,2024-11-16
2024-11-09,1,01,sample,s17,12.481768265900719,wk inc covid hosp,2024-11-16
2024-11-09,1,01,sample,s18,38.02957235657506,wk inc covid hosp,2024-11-16
2024-11-09,1,01,sample,s19,15.824295059554618,wk inc covid hosp,2024-11-16
2024-11-09,1,01,sample,s20,27.639211472045623,wk inc covid hosp,2024-11-16
2024-11-09,1,01,sample,s21,18.090823794038652,wk inc covid hosp,2024-11-16
2024-11-09,1,01,sample,s22,48.50122547237083,wk inc covid hosp,2024-11-16
2024-11-09,1,01,sample,s23,34.00568097804363,wk inc covid hosp,2024-11-16
2024-11-09,1,01,sample,s24,37.21092277989443,wk inc covid hosp,2024-11-16
2024-11-09,1,01,sample,s25,44.704479362890126,wk inc covid hosp,2024-11-16
2024-11-09,1,01,sample,s26,24.66111016224254,wk inc covid hosp,2024-11-16
2024-11-09,1,01,sample,s27,18.253452500150473,wk inc covid hosp,2024-11-16
2024-11-09,1,01,sample,s28,46.4772156101436,wk inc covid hosp,2024-11-16
2024-11-09,1,01,sample,s29,14.747205037803365,wk inc covid hosp,2024-11-16
2024-11-09,1,01,sample,s30,28.095211258986783,wk inc covid hosp,2024-11-16
2024-11-09,1,01,sample,s31,31.505593641154007,wk inc covid hosp,2024-11-16
2024-11-09,1,01,sample,s32,17.200010073765412,wk inc covid hosp,2024-11-16
2024-11-09,1,01,sample,s33,39.027030438277826,wk inc covid hosp,2024-11-16
2024-11-09,1,01,sample,s34,31.686335858225192,wk inc covid hosp,2024-11-16
2024-11-09,1,01,sample,s35,21.251945349443243,wk inc covid hosp,2024-11-16
2024-11-09,1,01,sample,s36,27.480049864424206,wk inc covid hosp,2024-11-16
2024-11-09,1,01,sample,s37,37.62814827348222,wk inc covid hosp,2024-11-16
2024-11-09,1,01,sample,s38,26.563972385948315,wk inc covid hosp,2024-11-16
2024-11-09,1,01,sample,s39,12.84366117867176,wk inc covid hosp,2024-11-16
2024-11-09,1,01,sample,s40,38.773856682354165,wk inc covid hosp,2024-11-16
2024-11-09,1,01,sample,s41,43.42001144822158,wk inc covid hosp,2024-11-16
2024-11-09,1,01,sample,s42,26.927803101731268,wk inc covid hosp,2024-11-16
2024-11-09,1,01,sample,s43,25.993334621871995,wk inc covid hosp,2024-11-16
2024-11-09,1,01,sample,s44,25.017186322506326,wk inc covid hosp,2024-11-16
2024-11-09,1,01,sample,s45,36.63667212712191,wk inc covid hosp,2024-11-16
2024-11-09,1,01,sample,s46,40.83223381044529,wk inc covid hosp,2024-11-16
2024-11-09,1,01,sample,s47,11.553956322654443,wk inc covid hosp,2024-11-16
2024-11-09,1,01,sample,s48,43.59374530752061,wk inc covid hosp,2024-11-16
2024-11-09,1,01,sample,s49,24.62169273952702,wk inc covid hosp,2024-11-16
2024-11-09,1,01,sample,s50,17.417962336293318,wk inc covid hosp,2024-11-16
2024-11-09,1,01,sample,s51,18.447068105486622,wk inc covid hosp,2024-11-16
2024-11-09,1,01,sample,s52,16.836712413893807,wk inc covid hosp,2024-11-16
2024-11-09,1,01,sample,s53,11.264479196077426,wk inc covid hosp,2024-11-16
2024-11-09,1,01,sample,s54,34.93983898803545,wk inc covid hosp,2024-11-16
2024-11-09,1,01,sample,s55,46.55105282589799,wk inc covid hosp,2024-11-16
2024-11-09,1,01,sample,s56,20.967553595771697,wk inc covid hosp,2024-11-16
2024-11-09,1,01,sample,s57,14.004760363411929,wk inc covid hosp,2024-11-16
2024-11-09,1,01,sample,s58,11.731770589453445,wk inc covid hosp,2024-11-16
2024-11-09,1,01,sample,s59,40.22345992857805,wk inc covid hosp,2024-11-16
2024-11-09,1,01,sample,s60,28.295589311967618,wk inc covid hosp,2024-11-16
2024-11-09,1,01,sample,s61,20.914868401816868,wk inc covid hosp,2024-11-16
2024-11-09,1,01,sample,s62,21.593236925498786,wk inc covid hosp,2024-11-16
2024-11-09,1,01,sample,s63,29.957741582956103,wk inc covid hosp,2024-11-16
2024-11-09,1,01,sample,s64,34.14836241433388,wk inc covid hosp,2024-11-16
2024-11-09,1,01,sample,s65,19.067071318078955,wk inc covid hosp,2024-11-16
2024-11-09,1,01,sample,s66,41.1517761188674,wk inc covid hosp,2024-11-16
2024-11-09,1,01,sample,s67,15.582678596508476,wk inc covid hosp,2024-11-16
2024-11-09,1,01,sample,s68,31.96457900500053,wk inc covid hosp,2024-11-16
2024-11-09,1,01,sample,s69,21.488073884197505,wk inc covid hosp,2024-11-16
2024-11-09,1,01,sample,s70,38.500851807234255,wk inc covid hosp,2024-11-16
2024-11-09,1,01,sample,s71,33.47527910198393,wk inc covid hosp,2024-11-16
2024-11-09,1,01,sample,s72,43.11365155363274,wk inc covid hosp,2024-11-16
2024-11-09,1,01,sample,s73,33.89045502892703,wk inc covid hosp,2024-11-16
2024-11-09,1,01,sample,s74,12.260456232593295,wk inc covid hosp,2024-11-16
2024-11-09,1,01,sample,s75,13.725645663931063,wk inc covid hosp,2024-11-16
2024-11-09,1,01,sample,s76,23.60098428984926,wk inc covid hosp,2024-11-16
2024-11-09,1,01,sample,s77,10.544788423154841,wk inc covid hosp,2024-11-16
2024-11-09,1,01,sample,s78,36.17475496114889,wk inc covid hosp,2024-11-16
2024-11-09,1,01,sample,s79,48.01759194900194,wk inc covid hosp,2024-11-16
2024-11-09,1,01,sample,s80,22.46672451717982,wk inc covid hosp,2024-11-16
2024-11-09,1,01,sample,s81,23.976491106492297,wk inc covid hosp,2024-11-16
2024-11-09,1,01,sample,s82,13.30943472336752,wk inc covid hosp,2024-11-16
2024-11-09,1,01,sample,s83,24.353982849296408,wk inc covid hosp,2024-11-16
2024-11-09,1,01,sample,s84,33.28863153683619,wk inc covid hosp,2024-11-16
2024-11-09,1,01,sample,s85,22.74460903259197,wk inc covid hosp,2024-11-16
2024-11-09,1,01,sample,s86,18.988673622145296,wk inc covid hosp,2024-11-16
2024-11-09,1,01,sample,s87,39.494251569589665,wk inc covid hosp,2024-11-16
2024-11-09,1,01,sample,s88,14.681231132085152,wk inc covid hosp,2024-11-16
2024-11-09,1,01,sample,s89,41.93952734336516,wk inc covid hosp,2024-11-16
2024-11-09,1,01,sample,s90,26.460792943824508,wk inc covid hosp,2024-11-16
2024-11-09,1,01,sample,s91,23.239341056034345,wk inc covid hosp,2024-11-16
2024-11-09,1,01,sample,s92,15.263900037160623,wk inc covid hosp,2024-11-16
2024-11-09,1,01,sample,s93,18.874398535278036,wk inc covid hosp,2024-11-16
2024-11-09,1,01,sample,s94,33.15199324397775,wk inc covid hosp,2024-11-16
2024-11-09,1,01,sample,s95,12.75803076296491,wk inc covid hosp,2024-11-16
2024-11-09,1,01,sample,s96,11.085619157378254,wk inc covid hosp,2024-11-16
2024-11-09,1,01,sample,s97,15.612774544604168,wk inc covid hosp,2024-11-16
2024-11-09,1,01,sample,s98,47.03497404403116,wk inc covid hosp,2024-11-16
2024-11-09,1,01,sample,s99,42.51311578164176,wk inc covid hosp,2024-11-16
2024-11-09,2,01,sample,s0,31.964881169395895,wk inc covid hosp,2024-11-23
2024-11-09,2,01,sample,s1,28.8425515954015,wk inc covid hosp,2024-11-23
2024-11-09,2,01,sample,s2,11.945293536262284,wk inc covid hosp,2024-11-23
2024-11-09,2,01,sample,s3,14.99854056211464,wk inc covid hosp,2024-11-23
2024-11-09,2,01,sample,s4,25.32363133703944,wk inc covid hosp,2024-11-23
2024-11-09,2,01,sample,s5,14.639501218653574,wk inc covid hosp,2024-11-23
2024-11-09,2,01,sample,s6,38.62250675438585,wk inc covid hosp,2024-11-23
2024-11-09,2,01,sample,s7,17.03970185741971,wk inc covid hosp,2024-11-23
2024-11-09,2,01,sample,s8,45.67947203181678,wk inc covid hosp,2024-11-23
2024-11-09,2,01,sample,s9,32.470701273450636,wk inc covid hosp,2024-11-23
2024-11-09,2,01,sample,s10,30.019817059423275,wk inc covid hosp,2024-11-23
2024-11-09,2,01,sample,s11,22.59609682172934,wk inc covid hosp,2024-11-23
2024-11-09,2,01,sample,s12,46.86625819768653,wk inc covid hosp,2024-11-23
2024-11-09,2,01,sample,s13,16.75177323137327,wk inc covid hosp,2024-11-23
2024-11-09,2,01,sample,s14,10.211161349652569,wk inc covid hosp,2024-11-23
2024-11-09,2,01,sample,s15,21.720199040005546,wk inc covid hosp,2024-11-23
2024-11-09,2,01,sample,s16,29.741451156193982,wk inc covid hosp,2024-11-23
2024-11-09,2,01,sample,s17,37.025527244428055,wk inc covid hosp,2024-11-23
2024-11-09,2,01,sample,s18,38.27965888631543,wk inc covid hosp,2024-11-23
2024-11-09,2,01,sample,s19,43.44341914989,wk inc covid hosp,2024-11-23
2024-11-09,2,01,sample,s20,11.437625510608335,wk inc covid hosp,2024-11-23
2024-11-09,2,01,sample,s21,38.8726367658778,wk inc covid hosp,2024-11-23
2024-11-09,2,01,sample,s22,24.15359538322268,wk inc covid hosp,2024-11-23
2024-11-09,2,01,sample,s23,12.69732545032026,wk inc covid hosp,2024-11-23
2024-11-09,2,01,sample,s24,22.538348217761953,wk inc covid hosp,2024-11-23
2024-11-09,2,01,sample,s25,34.28957555265769,wk inc covid hosp,2024-11-23
2024-11-09,2,01,sample,s26,23.949392596297386,wk inc covid hosp,2024-11-23
2024-11-09,2,01,sample,s27,46.69565565973104,wk inc covid hosp,2024-11-23
2024-11-09,2,01,sample,s28,17.5393232041797,wk inc covid hosp,2024-11-23
2024-11-09,2,01,sample,s29,20.143068229183953,wk inc covid hosp,2024-11-23
2024-11-09,2,01,sample,s30,23.080331501970157,wk inc covid hosp,2024-11-23
2024-11-09,2,01,sample,s31,40.887032045492546,wk inc covid hosp,2024-11-23
2024-11-09,2,01,sample,s32,32.99569969507478,wk inc covid hosp,2024-11-23
2024-11-09,2,01,sample,s33,39.10714153951929,wk inc covid hosp,2024-11-23
2024-11-09,2,01,sample,s34,14.229665655433447,wk inc covid hosp,2024-11-23
2024-11-09,2,01,sample,s35,39.10786692785217,wk inc covid hosp,2024-11-23
2024-11-09,2,01,sample,s36,26.447837591772743,wk inc covid hosp,2024-11-23
2024-11-09,2,01,sample,s37,43.080830593151546,wk inc covid hosp,2024-11-23
2024-11-09,2,01,sample,s38,22.13733082994107,wk inc covid hosp,2024-11-23
2024-11-09,2,01,sample,s39,21.409606273505144,wk inc covid hosp,2024-11-23
2024-11-09,2,01,sample,s40,38.87930441234969,wk inc covid hosp,2024-11-23
2024-11-09,2,01,sample,s41,32.99697856044811,wk inc covid hosp,2024-11-23
2024-11-09,2,01,sample,s42,19.866299565556336,wk inc covid hosp,2024-11-23
2024-11-09,2,01,sample,s43,28.09404897965685,wk inc covid hosp,2024-11-23
2024-11-09,2,01,sample,s44,28.14117632352496,wk inc covid hosp,2024-11-23
2024-11-09,2,01,sample,s45,31.17438075360585,wk inc covid hosp,2024-11-23
2024-11-09,2,01,sample,s46,33.044008876851436,wk inc covid hosp,2024-11-23
2024-11-09,2,01,sample,s47,33.78741886320037,wk inc covid hosp,2024-11-23
2024-11-09,2,01,sample,s48,11.357349963503086,wk inc covid hosp,2024-11-23
2024-11-09,2,01,sample,s49,45.825315075927776,wk inc covid hosp,2024-11-23
2024-11-09,2,01,sample,s50,12.733002950439571,wk inc covid hosp,2024-11-23
2024-11-09,2,01,sample,s51,38.270278810348,wk inc covid hosp,2024-11-23
2024-11-09,2,01,sample,s52,34.67344826858255,wk inc covid hosp,2024-11-23
2024-11-09,2,01,sample,s53,16.152689493158636,wk inc covid hosp,2024-11-23
2024-11-09,2,01,sample,s54,25.09359017530486,wk inc covid hosp,2024-11-23
2024-11-09,2,01,sample,s55,20.78584876163874,wk inc covid hosp,2024-11-23
2024-11-09,2,01,sample,s56,30.46639529970999,wk inc covid hosp,2024-11-23
2024-11-09,2,01,sample,s57,12.150550231168772,wk inc covid hosp,2024-11-23
2024-11-09,2,01,sample,s58,42.57400667443664,wk inc covid hosp,2024-11-23
2024-11-09,2,01,sample,s59,49.78802287142735,wk inc covid hosp,2024-11-23
2024-11-09,2,01,sample,s60,46.99084836500171,wk inc covid hosp,2024-11-23
2024-11-09,2,01,sample,s61,13.791233915972295,wk inc covid hosp,2024-11-23
2024-11-09,2,01,sample,s62,17.9477312133873,wk inc covid hosp,2024-11-23
2024-11-09,2,01,sample,s63,15.042113588634628,wk inc covid hosp,2024-11-23
2024-11-09,2,01,sample,s64,15.034491017473455,wk inc covid hosp,2024-11-23
2024-11-09,2,01,sample,s65,21.900125924266884,wk inc covid hosp,2024-11-23
2024-11-09,2,01,sample,s66,49.28742367931479,wk inc covid hosp,2024-11-23
2024-11-09,2,01,sample,s67,17.08749935081642,wk inc covid hosp,2024-11-23
2024-11-09,2,01,sample,s68,20.068583665838137,wk inc covid hosp,2024-11-23
2024-11-09,2,01,sample,s69,23.075128822023675,wk inc covid hosp,2024-11-23
2024-11-09,2,01,sample,s70,21.301180118622828,wk inc covid hosp,2024-11-23
2024-11-09,2,01,sample,s71,45.339443294662104,wk inc covid hosp,2024-11-23
2024-11-09,2,01,sample,s72,29.209691400276782,wk inc covid hosp,2024-11-23
2024-11-09,2,01,sample,s73,21.43060987428236,wk inc covid hosp,2024-11-23
2024-11-09,2,01,sample,s74,40.33836278629363,wk inc covid hosp,2024-11-23
2024-11-09,2,01,sample,s75,37.73175566527186,wk inc covid hosp,2024-11-23
2024-11-09,2,01,sample,s76,22.68309128519336,wk inc covid hosp,2024-11-23
2024-11-09,2,01,sample,s77,19.897856935835485,wk inc covid hosp,2024-11-23
2024-11-09,2,01,sample,s78,25.904092850998488,wk inc covid hosp,2024-11-23
2024-11-09,2,01,sample,s79,42.15607440667857,wk inc covid hosp,2024-11-23
2024-11-09,2,01,sample,s80,11.835693745213804,wk inc covid hosp,2024-11-23
2024-11-09,2,01,sample,s81,42.16612416023796,wk inc covid hosp,2024-11-23
2024-11-09,2,01,sample,s82,16.31009029859063,wk inc covid hosp,2024-11-23
2024-11-09,2,01,sample,s83,29.284123931297152,wk inc covid hosp,2024-11-23
2024-11-09,2,01,sample,s84,26.293611246098486,wk inc covid hosp,2024-11-23
2024-11-09,2,01,sample,s85,41.41706734425222,wk inc covid hosp,2024-11-23
2024-11-09,2,01,sample,s86,30.090710310865056,wk inc covid hosp,2024-11-23
2024-11-09,2,01,sample,s87,42.77632964971252,wk inc covid hosp,2024-11-23
2024-11-09,2,01,sample,s88,21.6044831622268,wk inc covid hosp,2024-11-23
2024-11-09,2,01,sample,s89,45.37690055045722,wk inc covid hosp,2024-11-23
2024-11-09,2,01,sample,s90,41.25651097665887,wk inc covid hosp,2024-11-23
2024-11-09,2,01,sample,s91,48.66215929923329,wk inc covid hosp,2024-11-23
2024-11-09,2,01,sample,s92,34.5818324535453,wk inc covid hosp,2024-11-23
2024-11-09,2,01,sample,s93,36.21101136047875,wk inc covid hosp,2024-11-23
2024-11-09,2,01,sample,s94,45.35614342810278,wk inc covid hosp,2024-11-23
2024-11-09,2,01,sample,s95,17.171486040494294,wk inc covid hosp,2024-11-23
2024-11-09,2,01,sample,s96,48.836534092935615,wk inc covid hosp,2024-11-23
2024-11-09,2,01,sample,s97,47.86272506634968,wk inc covid hosp,2024-11-23
2024-11-09,2,01,sample,s98,28.311146556215306,wk inc covid hosp,2024-11-23
2024-11-09,2,01,sample,s99,46.786099037409244,wk inc covid hosp,2024-11-23
2024-11-09,1,02,sample,s0,26.596102661376623,wk inc covid hosp,2024-11-16
2024-11-09,1,02,sample,s1,27.649381892655846,wk inc covid hosp,2024-11-16
2024-11-09,1,02,sample,s2,37.86637379523603,wk inc covid hosp,2024-11-16
2024-11-09,1,02,sample,s3,10.391109210175724,wk inc covid hosp,2024-11-16
2024-11-09,1,02,sample,s4,11.504766692318832,wk inc covid hosp,2024-11-16
2024-11-09,1,02,sample,s5,48.90891021504852,wk inc covid hosp,2024-11-16
2024-11-09,1,02,sample,s6,35.78101712696795,wk inc covid hosp,2024-11-16
2024-11-09,1,02,sample,s7,12.767423406815293,wk inc covid hosp,2024-11-16
2024-11-09,1,02,sample,s8,46.134102816885886,wk inc covid hosp,2024-11-16
2024-11-09,1,02,sample,s9,38.64980143789545,wk inc covid hosp,2024-11-16
2024-11-09,1,02,sample,s10,17.914385577575903,wk inc covid hosp,2024-11-16
2024-11-09,1,02,sample,s11,23.19498912029802,wk inc covid hosp,2024-11-16
2024-11-09,1,02,sample,s12,10.453439942385906,wk inc covid hosp,2024-11-16
2024-11-09,1,02,sample,s13,17.881095524279083,wk inc covid hosp,2024-11-16
2024-11-09,1,02,sample,s14,34.027546165202985,wk inc covid hosp,2024-11-16
2024-11-09,1,02,sample,s15,47.49733765934056,wk inc covid hosp,2024-11-16
2024-11-09,1,02,sample,s16,47.65375920673134,wk inc covid hosp,2024-11-16
2024-11-09,1,02,sample,s17,21.91508950161102,wk inc covid hosp,2024-11-16
2024-11-09,1,02,sample,s18,23.561420070149786,wk inc covid hosp,2024-11-16
2024-11-09,1,02,sample,s19,28.38893627390725,wk inc covid hosp,2024-11-16
2024-11-09,1,02,sample,s20,37.992354430421656,wk inc covid hosp,2024-11-16
2024-11-09,1,02,sample,s21,29.55876893966169,wk inc covid hosp,2024-11-16
2024-11-09,1,02,sample,s22,33.95763681323749,wk inc covid hosp,2024-11-16
2024-11-09,1,02,sample,s23,35.93836606871488,wk inc covid hosp,2024-11-16
2024-11-09,1,02,sample,s24,26.831875158608373,wk inc covid hosp,2024-11-16
2024-11-09,1,02,sample,s25,19.83012303569136,wk inc covid hosp,2024-11-16
2024-11-09,1,02,sample,s26,45.82262554076745,wk inc covid hosp,2024-11-16
2024-11-09,1,02,sample,s27,24.218682981138315,wk inc covid hosp,2024-11-16
2024-11-09,1,02,sample,s28,29.408966667227503,wk inc covid hosp,2024-11-16
2024-11-09,1,02,sample,s29,19.791333217558858,wk inc covid hosp,2024-11-16
2024-11-09,1,02,sample,s30,49.11369935532453,wk inc covid hosp,2024-11-16
2024-11-09,1,02,sample,s31,10.699415947913153,wk inc covid hosp,2024-11-16
2024-11-09,1,02,sample,s32,26.142929410838775,wk inc covid hosp,2024-11-16
2024-11-09,1,02,sample,s33,32.56807213812012,wk inc covid hosp,2024-11-16
2024-11-09,1,02,sample,s34,49.152469077458704,wk inc covid hosp,2024-11-16
2024-11-09,1,02,sample,s35,35.452444668239465,wk inc covid hosp,2024-11-16
2024-11-09,1,02,sample,s36,18.873439291316473,wk inc covid hosp,2024-11-16
2024-11-09,1,02,sample,s37,45.100802090783425,wk inc covid hosp,2024-11-16
2024-11-09,1,02,sample,s38,21.392663968320225,wk inc covid hosp,2024-11-16
2024-11-09,1,02,sample,s39,17.199305553900544,wk inc covid hosp,2024-11-16
2024-11-09,1,02,sample,s40,27.748067846848848,wk inc covid hosp,2024-11-16
2024-11-09,1,02,sample,s41,39.26908592018045,wk inc covid hosp,2024-11-16
2024-11-09,1,02,sample,s42,34.48095930146728,wk inc covid hosp,2024-11-16
2024-11-09,1,02,sample,s43,48.42500936073776,wk inc covid hosp,2024-11-16
2024-11-09,1,02,sample,s44,46.779350780270256,wk inc covid hosp,2024-11-16
2024-11-09,1,02,sample,s45,39.50653506015361,wk inc covid hosp,2024-11-16
2024-11-09,1,02,sample,s46,37.78807054248047,wk inc covid hosp,2024-11-16
2024-11-09,1,02,sample,s47,40.67988405914042,wk inc covid hosp,2024-11-16
2024-11-09,1,02,sample,s48,30.629273918614686,wk inc covid hosp,2024-11-16
2024-11-09,1,02,sample,s49,24.738635653141394,wk inc covid hosp,2024-11-16
2024-11-09,1,02,sample,s50,37.25185890391241,wk inc covid hosp,2024-11-16
2024-11-09,1,02,sample,s51,21.01075097401995,wk inc covid hosp,2024-11-16
2024-11-09,1,02,sample,s52,13.617906866805555,wk inc covid hosp,2024-11-16
2024-11-09,1,02,sample,s53,36.92101559684174,wk inc covid hosp,2024-11-16
2024-11-09,1,02,sample,s54,20.581997483601437,wk inc covid hosp,2024-11-16
2024-11-09,1,02,sample,s55,15.837696649421197,wk inc covid hosp,2024-11-16
2024-11-09,1,02,sample,s56,27.80340730634876,wk inc covid hosp,2024-11-16
2024-11-09,1,02,sample,s57,24.127762749312293,wk inc covid hosp,2024-11-16
2024-11-09,1,02,sample,s58,10.44031405444533,wk inc covid hosp,2024-11-16
2024-11-09,1,02,sample,s59,45.33366187915695,wk inc covid hosp,2024-11-16
2024-11-09,1,02,sample,s60,28.890153159486104,wk inc covid hosp,2024-11-16
2024-11-09,1,02,sample,s61,17.036272274896614,wk inc covid hosp,2024-11-16
2024-11-09,1,02,sample,s62,14.719964555100379,wk inc covid hosp,2024-11-16
2024-11-09,1,02,sample,s63,11.082921069466693,wk inc covid hosp,2024-11-16
2024-11-09,1,02,sample,s64,10.152354852042684,wk inc covid hosp,2024-11-16
2024-11-09,1,02,sample,s65,34.95075847035494,wk inc covid hosp,2024-11-16
2024-11-09,1,02,sample,s66,18.91477046579148,wk inc covid hosp,2024-11-16
2024-11-09,1,02,sample,s67,18.631803141021578,wk inc covid hosp,2024-11-16
2024-11-09,1,02,sample,s68,39.36407601994289,wk inc covid hosp,2024-11-16
2024-11-09,1,02,sample,s69,18.802512516529404,wk inc covid hosp,2024-11-16
2024-11-09,1,02,sample,s70,14.585029715487256,wk inc covid hosp,2024-11-16
2024-11-09,1,02,sample,s71,27.76686283609772,wk inc covid hosp,2024-11-16
2024-11-09,1,02,sample,s72,41.0479235011178,wk inc covid hosp,2024-11-16
2024-11-09,1,02,sample,s73,40.60474752599837,wk inc covid hosp,2024-11-16
2024-11-09,1,02,sample,s74,49.508657069255555,wk inc covid hosp,2024-11-16
2024-11-09,1,02,sample,s75,43.414972394801985,wk inc covid hosp,2024-11-16
2024-11-09,1,02,sample,s76,25.047074284483845,wk inc covid hosp,2024-11-16
2024-11-09,1,02,sample,s77,31.768726855476142,wk inc covid hosp,2024-11-16
2024-11-09,1,02,sample,s78,46.25037912480552,wk inc covid hosp,2024-11-16
2024-11-09,1,02,sample,s79,35.786062647641465,wk inc covid hosp,2024-11-16
2024-11-09,1,02,sample,s80,36.91791111165912,wk inc covid hosp,2024-11-16
2024-11-09,1,02,sample,s81,32.19849693738116,wk inc covid hosp,2024-11-16
2024-11-09,1,02,sample,s82,23.511871236395486,wk inc covid hosp,2024-11-16
2024-11-09,1,02,sample,s83,49.5751191751828,wk inc covid hosp,2024-11-16
2024-11-09,1,02,sample,s84,11.620276190557073,wk inc covid hosp,2024-11-16
2024-11-09,1,02,sample,s85,25.18949554572886,wk inc covid hosp,2024-11-16
2024-11-09,1,02,sample,s86,35.610548869798144,wk inc covid hosp,2024-11-16
2024-11-09,1,02,sample,s87,22.90566033853228,wk inc covid hosp,2024-11-16
2024-11-09,1,02,sample,s88,36.00059445953889,wk inc covid hosp,2024-11-16
2024-11-09,1,02,sample,s89,14.820453937982695,wk inc covid hosp,2024-11-16
2024-11-09,1,02,sample,s90,16.984721245492715,wk inc covid hosp,2024-11-16
2024-11-09,1,02,sample,s91,26.070498030770285,wk inc covid hosp,2024-11-16
2024-11-09,1,02,sample,s92,12.237893844394364,wk inc covid hosp,2024-11-16
2024-11-09,1,02,sample,s93,18.3655029064769,wk inc covid hosp,2024-11-16
2024-11-09,1,02,sample,s94,41.44065281347257,wk inc covid hosp,2024-11-16
2024-11-09,1,02,sample,s95,23.745213752600208,wk inc covid hosp,2024-11-16
2024-11-09,1,02,sample,s96,35.87532028093467,wk inc covid hosp,2024-11-16
2024-11-09,1,02,sample,s97,43.69426957129752,wk inc covid hosp,2024-11-16
2024-11-09,1,02,sample,s98,16.488811764499708,wk inc covid hosp,2024-11-16
2024-11-09,1,02,sample,s99,29.290587038474847,wk inc covid hosp,2024-11-16
2024-11-09,2,02,sample,s0,48.61505678630097,wk inc covid hosp,2024-11-23
2024-11-09,2,02,sample,s1,47.801864876353115,wk inc covid hosp,2024-11-23
2024-11-09,2,02,sample,s2,41.454749568409966,wk inc covid hosp,2024-11-23
2024-11-09,2,02,sample,s3,27.637293967343332,wk inc covid hosp,2024-11-23
2024-11-09,2,02,sample,s4,37.073078453080626,wk inc covid hosp,2024-11-23
2024-11-09,2,02,sample,s5,28.55497512058553,wk inc covid hosp,2024-11-23
2024-11-09,2,02,sample,s6,22.32631678060398,wk inc covid hosp,2024-11-23
2024-11-09,2,02,sample,s7,41.49884923632605,wk inc covid hosp,2024-11-23
2024-11-09,2,02,sample,s8,21.688810220721784,wk inc covid hosp,2024-11-23
2024-11-09,2,02,sample,s9,29.34070925772535,wk inc covid hosp,2024-11-23
2024-11-09,2,02,sample,s10,17.960672938229965,wk inc covid hosp,2024-11-23
2024-11-09,2,02,sample,s11,24.37162203985482,wk inc covid hosp,2024-11-23
2024-11-09,2,02,sample,s12,10.324116956005813,wk inc covid hosp,2024-11-23
2024-11-09,2,02,sample,s13,25.68890978651554,wk inc covid hosp,2024-11-23
2024-11-09,2,02,sample,s14,38.34423742174957,wk inc covid hosp,2024-11-23
2024-11-09,2,02,sample,s15,29.169882803820066,wk inc covid hosp,2024-11-23
2024-11-09,2,02,sample,s16,35.867110759158166,wk inc covid hosp,2024-11-23
2024-11-09,2,02,sample,s17,20.055674724092995,wk inc covid hosp,2024-11-23
2024-11-09,2,02,sample,s18,30.834598967706306,wk inc covid hosp,2024-11-23
2024-11-09,2,02,sample,s19,48.34652179682048,wk inc covid hosp,2024-11-23
2024-11-09,2,02,sample,s20,29.862129711487544,wk inc covid hosp,2024-11-23
2024-11-09,2,02,sample,s21,35.36115838574426,wk inc covid hosp,2024-11-23
2024-11-09,2,02,sample,s22,43.31898184396294,wk inc covid hosp,2024-11-23
2024-11-09,2,02,sample,s23,44.91099133376715,wk inc covid hosp,2024-11-23
2024-11-09,2,02,sample,s24,21.80685167541902,wk inc covid hosp,2024-11-23
2024-11-09,2,02,sample,s25,46.987617877126276,wk inc covid hosp,2024-11-23
2024-11-09,2,02,sample,s26,44.587512044765006,wk inc covid hosp,2024-11-23
2024-11-09,2,02,sample,s27,30.892300315696883,wk inc covid hosp,2024-11-23
2024-11-09,2,02,sample,s28,14.863758114194159,wk inc covid hosp,2024-11-23
2024-11-09,2,02,sample,s29,19.781500307890994,wk inc covid hosp,2024-11-23
2024-11-09,2,02,sample,s30,32.438177670472264,wk inc covid hosp,2024-11-23
2024-11-09,2,02,sample,s31,40.955247792119316,wk inc covid hosp,2024-11-23
2024-11-09,2,02,sample,s32,35.05940152911016,wk inc covid hosp,2024-11-23
2024-11-09,2,02,sample,s33,46.799326600120615,wk inc covid hosp,2024-11-23
2024-11-09,2,02,sample,s34,30.810946346456937,wk inc covid hosp,2024-11-23
2024-11-09,2,02,sample,s35,34.34468252226112,wk inc covid hosp,2024-11-23
2024-11-09,2,02,sample,s36,24.705418623632113,wk inc covid hosp,2024-11-23
2024-11-09,2,02,sample,s37,29.162397453023836,wk inc covid hosp,2024-11-23
2024-11-09,2,02,sample,s38,38.27544418278197,wk inc covid hosp,2024-11-23
2024-11-09,2,02,sample,s39,28.384651408306468,wk inc covid hosp,2024-11-23
2024-11-09,2,02,sample,s40,30.938714040432053,wk inc covid hosp,2024-11-23
2024-11-09,2,02,sample,s41,27.425429356914716,wk inc covid hosp,2024-11-23
2024-11-09,2,02,sample,s42,21.26539338748404,wk inc covid hosp,2024-11-23
2024-11-09,2,02,sample,s43,13.355002060885187,wk inc covid hosp,2024-11-23
2024-11-09,2,02,sample,s44,18.23185289135488,wk inc covid hosp,2024-11-23
2024-11-09,2,02,sample,s45,23.412197789143768,wk inc covid hosp,2024-11-23
2024-11-09,2,02,sample,s46,41.613425394304315,wk inc covid hosp,2024-11-23
2024-11-09,2,02,sample,s47,47.61931970080553,wk inc covid hosp,2024-11-23
2024-11-09,2,02,sample,s48,31.8108352517988,wk inc covid hosp,2024-11-23
2024-11-09,2,02,sample,s49,12.174780656434724,wk inc covid hosp,2024-11-23
2024-11-09,2,02,sample,s50,37.065852211248256,wk inc covid hosp,2024-11-23
2024-11-09,2,02,sample,s51,22.978330369441956,wk inc covid hosp,2024-11-23
2024-11-09,2,02,sample,s52,33.17858829436197,wk inc covid hosp,2024-11-23
2024-11-09,2,02,sample,s53,15.73730324695498,wk inc covid hosp,2024-11-23
2024-11-09,2,02,sample,s54,21.441582177342184,wk inc covid hosp,2024-11-23
2024-11-09,2,02,sample,s55,42.27140454533367,wk inc covid hosp,2024-11-23
2024-11-09,2,02,sample,s56,28.187617483310948,wk inc covid hosp,2024-11-23
2024-11-09,2,02,sample,s57,27.80705474742353,wk inc covid hosp,2024-11-23
2024-11-09,2,02,sample,s58,36.31374643341246,wk inc covid hosp,2024-11-23
2024-11-09,2,02,sample,s59,15.80794741684404,wk inc covid hosp,2024-11-23
2024-11-09,2,02,sample,s60,25.18564298404413,wk inc covid hosp,2024-11-23
2024-11-09,2,02,sample,s61,42.49536040602075,wk inc covid hosp,2024-11-23
2024-11-09,2,02,sample,s62,45.398910458984076,wk inc covid hosp,2024-11-23
2024-11-09,2,02,sample,s63,25.174659932073627,wk inc covid hosp,2024-11-23
2024-11-09,2,02,sample,s64,27.54980196798678,wk inc covid hosp,2024-11-23
2024-11-09,2,02,sample,s65,16.75317008388187,wk inc covid hosp,2024-11-23
2024-11-09,2,02,sample,s66,30.649268152206215,wk inc covid hosp,2024-11-23
2024-11-09,2,02,sample,s67,32.04737982549931,wk inc covid hosp,2024-11-23
2024-11-09,2,02,sample,s68,23.750891161166074,wk inc covid hosp,2024-11-23
2024-11-09,2,02,sample,s69,38.576607668948036,wk inc covid hosp,2024-11-23
2024-11-09,2,02,sample,s70,20.27237261437479,wk inc covid hosp,2024-11-23
2024-11-09,2,02,sample,s71,48.53797905352011,wk inc covid hosp,2024-11-23
2024-11-09,2,02,sample,s72,47.84372205651726,wk inc covid hosp,2024-11-23
2024-11-09,2,02,sample,s73,38.222819006895094,wk inc covid hosp,2024-11-23
2024-11-09,2,02,sample,s74,24.05601001081144,wk inc covid hosp,2024-11-23
2024-11-09,2,02,sample,s75,29.513784775190587,wk inc covid hosp,2024-11-23
2024-11-09,2,02,sample,s76,46.1244176373043,wk inc covid hosp,2024-11-23
2024-11-09,2,02,sample,s77,12.687366609756392,wk inc covid hosp,2024-11-23
2024-11-09,2,02,sample,s78,23.236597320935285,wk inc covid hosp,2024-11-23
2024-11-09,2,02,sample,s79,38.73231478848925,wk inc covid hosp,2024-11-23
2024-11-09,2,02,sample,s80,23.199810893739105,wk inc covid hosp,2024-11-23
2024-11-09,2,02,sample,s81,19.705158224378,wk inc covid hosp,2024-11-23
2024-11-09,2,02,sample,s82,20.616415032949416,wk inc covid hosp,2024-11-23
2024-11-09,2,02,sample,s83,44.515942907735685,wk inc covid hosp,2024-11-23
2024-11-09,2,02,sample,s84,23.887940724695838,wk inc covid hosp,2024-11-23
2024-11-09,2,02,sample,s85,37.01897840076856,wk inc covid hosp,2024-11-23
2024-11-09,2,02,sample,s86,25.393230095046583,wk inc covid hosp,2024-11-23
2024-11-09,2,02,sample,s87,43.78746202399467,wk inc covid hosp,2024-11-23
2024-11-09,2,02,sample,s88,43.34548287107041,wk inc covid hosp,2024-11-23
2024-11-09,2,02,sample,s89,17.853271008055266,wk inc covid hosp,2024-11-23
2024-11-09,2,02,sample,s90,17.44446107971968,wk inc covid hosp,2024-11-23
2024-11-09,2,02,sample,s91,22.248010756816097,wk inc covid hosp,2024-11-23
2024-11-09,2,02,sample,s92,18.373733459025345,wk inc covid hosp,2024-11-23
2024-11-09,2,02,sample,s93,29.865726698065338,wk inc covid hosp,2024-11-23
2024-11-09,2,02,sample,s94,12.28528751968867,wk inc covid hosp,2024-11-23
2024-11-09,2,02,sample,s95,30.2389004863032,wk inc covid hosp,2024-11-23
2024-11-09,2,02,sample,s96,34.19453077099894,wk inc covid hosp,2024-11-23
2024-11-09,2,02,sample,s97,32.237663262034786,wk inc covid hosp,2024-11-23
2024-11-09,2,02,sample,s98,30.116369403699426,wk inc covid hosp,2024-11-23
2024-11-09,2,02,sample,s99,44.996422320095405,wk inc covid hosp,2024-11-23